﻿codigo;nombre
123;Ensayo
124;Clases
125;Quices
126;Biodiversidad
127;The sims3
128;Tutorial
129;Snapchat
130;Tablas
131;Gastos mensuales
132;Hoja de vida
133;Promedio 
134;Ciclo del agua
135;Calculo 
136;Foto Corea
137;Video Exposicion 
138;Q3
139;Documento de identidad 
140;Paper Please
141;Tarea 1
142;Parcial 1
143;Choco
144;Ejemplo
145;Hash
146;Main
147;Arboles binarios
148;Diagrama
149;Quiz 4
150;BD
151;Ensayo opinion 
152;Red argumental
153;Buffer
154;Antioquia
155;Imagen 
156;Recursion 
157;Juego 
158;Lista
159;Taller 6
160;Resolucion 
161;Algebra
162;Creaciones
163;Inserciones 
164;Rubrica
165;Sesion 2
166;Ch3
167;Dibujo 
168;Horario
169;Tarea 10
