﻿Id;nombre;correo;clave_usuario;archivos_guardados;no_rol;no_permisos
1;Lucía Ardila;lucia.ardila@gmail.com;123;1;1;1
2;Valentina Herrera;valentina.herrera@gmail.com;456;1;1;1
3;Cesar Segura;cesar.segura@gmail.com ;6925;11;1;1
4;Sara Sanchez ;sara.sanchez@gmail.com ;;1;2;2
5;Oscar Perez ;oscar.perez@gmail.com;;70;4;4
6;Julieta Ponce;julieta.ponce@gmail.com;;34;3;3
7;Adriana Hernandez;adriana.hernandez@gmail.com;;28;2;2
8;Maria Gonzales;maria.gonzales@gmail.com;;90;3;3
9;Mauricio Garcia;mauricio.garcia@gmail.com;934;23;1;1
10;Jose Fernandez;jose.fernandez@gmail.com;;56;4;4
11;Camilo Quintana;camilo.quintana@gmail.com;;39;3;3
12;Sofia Castillo;sofia.castillo@gmail.com;;78;2;2
13;Juan Jose Acosta;juan.acosta@gmail.com;;5;4;4
14;Sergio Quintero;sergio.quintero@gmail.com;789;100;1;1
15;Laura Camacho;laura.camacho@gmail.com;;103;3;3
16;Jose Luis Peña;jose.peña@gmail.com;;45;2;2
17;Juana Contreras;juana.contreras@gmail.com;;143;3;3
18;Mariana Palacios;mariana.palacios@gmail.com;546;77;1;1
19;Carlos Salazar;carlos.salazar@gmail.com;7645;89;1;1
20;Sol Amaya;sol.amaya@gmail.com;989;2;1;1
21;Karen Murcia;karen.murcia@gmail.com;34;83;1;1
22;Andres Bernal ;andres.bernal@gmail.com;;20;2;2
23;Gabriela Torres ;gabriela.torres@gmail.com;1403;2;1;1
24;Andres Rincon ;andres.rincon@gmail.com;;3;2;2
25;Samuel Montoya;samuel.montoya@gmail.com;;17;3;3
26;Juan Contreras;juan.contreras@gmail.com;;60;2;2
27;Juan Rodriguez;juan.rodriguez@gmail.com;;69;3;3
28;Laura Gamboa;laura.gamboa@gmail.com;;4;3;3
29;Santiago Marin ;santiago.marin@gmail.com;;8;4;4
30;Valentina Cantor;valentina.cantor@gmail.com;;3;4;4
31;Valentina Rodriguez;valentina.rodriguez@gmail.com;;4;2;2
32;Valentina Galindo;valentina.galindo@gmail.com;;10;2;2
33;Sofia Sanchez ;sofia.sanchez@gmail.com;;22;2;2
34;Mariana Ramirez;mariana.ramirez@gmail.com;;66;2;2
35;Isabella Castellanos;isabella.castellanos@gmail.com;;33;4;4
36;Maria Saldarriaga;maria.saldarriaga@gmail.com;;9;3;3
37;Santiago Moscoso;santiago.moscoso@gmail.com;;11;2;2
38;Santiago Peña;santiago.peña@gmail.com;;124;3;3
39;Manuela Tovar;manuela.tovar@gmail.com;102;163;1;1
40;Paula Gomez;paula.gomez@gmail.com;;37;2;2
41;Anibal Velazquez ;anibal.velazquez@gmail.com;;49;3;3
42;Manuela Santander;manuela.santander@gmail.com;;26;4;4
43;Alejandra Serrano ;alejandra.serrano@gmail.com;;82;4;4
44;Juliana Sopo;juliana.sopo@gmail.com;;73;3;3
45;Susana Gonzales ;susana.gonzales@gmail.com;;98;2;2
46;Camila Herrera;camila.herrera@gmail.com;;578;3;3
47;Sofia Echeverry;sofia.echeverry@gmail.com;1210;35;1;1
48;Julian Diaz ;julian.diaz@gmail.com;;150;2;2
